{"stat.useItem.152":1,"stat.killEntity.Skeleton":1,"stat.walkOneCm":144416,"stat.useItem.85":2,"achievement.openInventory":23,"stat.damageTaken":2450,"stat.mobKills":4,"stat.killEntity.Creeper":1,"stat.entityKilledBy.Creeper":2,"stat.useItem.69":4,"stat.flyOneCm":10649,"stat.deaths":2,"stat.drop":16,"stat.useItem.50":34,"stat.swimOneCm":16852,"stat.jump":163,"stat.useItem.96":3,"stat.playOneMinute":41976,"stat.fallOneCm":3281,"stat.useItem.1":97,"stat.damageDealt":1120,"stat.killEntity.Zombie":2,"achievement.exploreAllBiomes":{"value":0,"progress":["Beach","River","Forest","Taiga"]},"stat.diveOneCm":6779}